Tag,Count
tag651,122
tag893,53
tag894,82
tag652,52
tag410,87
tag895,119
tag411,72
tag653,81
tag896,182
tag412,128
tag654,135
tag655,56
tag413,65
tag897,98
tag656,117
tag898,70
tag414,41
tag657,108
tag415,75
tag899,98
tag416,124
tag658,113
tag890,118
tag891,135
tag650,111
tag892,127
tag406,104
tag648,74
tag649,43
tag407,101
tag408,115
tag409,79
tag640,102
tag882,63
tag641,118
tag883,109
tag642,131
tag884,130
tag400,54
tag885,121
tag401,84
tag643,101
tag402,108
tag644,121
tag886,41
tag645,71
tag403,138
tag887,85
tag404,95
tag888,44
tag646,184
tag889,126
tag647,69
tag405,81
tag880,116
tag881,62
tag637,104
tag879,67
tag638,75
tag639,109
tag871,92
tag630,99
tag872,100
tag631,143
tag873,51
tag874,144
tag632,63
tag875,77
tag633,106
tag634,27
tag876,57
tag635,87
tag877,45
tag636,127
tag878,143
tag870,86
tag626,35
tag868,74
tag869,45
tag627,114
tag628,88
tag629,79
tag860,56
tag861,73
tag862,128
tag620,65
tag621,113
tag863,79
tag622,57
tag864,121
tag623,106
tag865,101
tag624,73
tag866,60
tag867,135
tag625,114
tag857,86
tag615,88
tag858,92
tag616,102
tag617,131
tag859,83
tag618,108
tag619,72
tag211,61
tag695,61
tag453,31
tag212,120
tag696,76
tag454,112
tag697,79
tag455,62
tag213,67
tag456,201
tag698,87
tag214,100
tag699,89
tag457,159
tag215,64
tag458,93
tag216,94
tag459,94
tag217,68
tag218,141
tag690,60
tag691,54
tag692,121
tag450,99
tag693,106
tag451,101
tag452,123
tag694,75
tag210,66
tag208,115
tag209,45
tag200,98
tag442,115
tag684,52
tag443,73
tag201,53
tag685,106
tag202,70
tag444,39
tag686,78
tag445,118
tag687,135
tag203,71
tag688,101
tag204,127
tag446,94
tag205,141
tag447,69
tag689,55
tag448,112
tag206,73
tag207,93
tag449,71
tag680,73
tag681,137
tag440,91
tag682,113
tag683,69
tag441,83
tag439,76
tag431,130
tag673,63
tag674,86
tag432,93
tag433,86
tag675,131
tag676,59
tag434,46
tag677,56
tag435,105
tag436,100
tag678,123
tag437,114
tag679,89
tag438,103
tag670,92
tag671,105
tag430,55
tag672,93
tag428,100
tag429,54
tag420,72
tag662,78
tag421,124
tag663,160
tag422,104
tag664,95
tag423,74
tag665,103
tag424,84
tag666,41
tag425,67
tag667,79
tag668,75
tag426,80
tag669,53
tag427,86
tag660,88
tag661,126
tag417,115
tag659,57
tag418,145
tag419,58
tag810,55
tag40,86
tag811,50
tag41,108
tag812,57
tag42,75
tag43,64
tag44,122
tag45,75
tag46,126
tag47,146
tag48,74
tag49,23
tag39,72
tag802,130
tag803,63
tag804,144
tag805,85
tag806,124
tag807,99
tag808,53
tag809,43
tag50,66
tag800,142
tag51,115
tag801,68
tag52,88
tag53,84
tag54,57
tag55,61
tag56,34
tag57,47
tag58,93
tag59,125
tag60,123
tag61,110
tag62,143
tag63,80
tag64,131
tag65,91
tag66,78
tag67,43
tag68,126
tag69,87
Untagged,8215
tag1000,121
tag70,85
tag71,47
tag72,112
tag73,46
tag74,78
tag75,66
tag76,108
tag77,99
tag78,96
tag79,106
tag850,35
tag851,52
tag610,82
tag852,64
tag853,82
tag611,77
tag612,107
tag854,85
tag613,151
tag855,86
tag856,56
tag614,61
tag604,89
tag846,42
tag847,48
tag605,111
tag848,62
tag606,157
tag607,108
tag849,58
tag608,139
tag609,88
tag840,65
tag841,93
tag842,109
tag600,52
tag601,67
tag843,124
tag602,106
tag844,74
tag845,75
tag603,84
tag10,99
tag11,75
tag12,69
tag13,152
tag14,95
tag15,66
tag16,66
tag835,55
tag836,76
tag837,130
tag838,154
tag839,101
tag830,59
tag831,116
tag832,97
tag833,67
tag834,71
tag20,129
tag21,41
tag22,64
tag23,115
tag24,51
tag25,33
tag26,103
tag27,104
tag17,94
tag18,74
tag19,45
tag824,149
tag825,63
tag826,111
tag827,71
tag828,99
tag829,131
tag820,146
tag821,76
tag822,114
tag30,45
tag823,92
tag31,141
tag32,99
tag33,78
tag34,80
tag35,79
tag36,66
tag37,44
tag38,117
tag28,81
tag29,115
tag813,103
tag814,144
tag815,145
tag816,107
tag817,65
tag818,76
tag819,88
tag192,115
tag193,144
tag194,179
tag195,124
tag196,80
tag197,89
tag198,85
tag199,77
tag190,69
tag191,29
tag189,64
tag181,53
tag182,92
tag183,106
tag184,67
tag185,99
tag186,167
tag187,73
tag188,61
tag180,57
tag376,92
tag134,48
tag135,127
tag377,93
tag378,127
tag136,100
tag137,89
tag379,79
tag138,33
tag139,157
tag370,81
tag371,112
tag130,80
tag372,43
tag373,108
tag131,76
tag374,60
tag132,75
tag375,54
tag133,168
tag123,59
tag365,97
tag124,107
tag366,86
tag125,76
tag367,72
tag368,111
tag126,84
tag369,113
tag127,125
tag128,97
tag129,84
tag360,130
tag361,75
tag362,66
tag120,116
tag121,91
tag363,52
tag364,132
tag122,149
tag112,109
tag354,39
tag596,98
tag597,91
tag355,107
tag113,46
tag356,118
tag114,90
tag598,118
tag599,104
tag115,108
tag357,116
tag116,118
tag358,67
tag117,179
tag359,44
tag118,77
tag119,109
tag590,102
tag591,118
tag592,192
tag350,112
tag351,80
tag593,48
tag594,95
tag110,98
tag352,90
tag353,83
tag111,111
tag595,45
tag109,108
tag585,111
tag101,69
tag343,104
tag586,79
tag344,130
tag102,52
tag587,144
tag345,91
tag103,64
tag588,87
tag104,44
tag346,85
tag347,67
tag589,99
tag105,69
tag348,131
tag106,74
tag107,78
tag349,105
tag108,54
tag580,107
tag581,18
tag582,104
tag340,119
tag341,108
tag583,65
tag342,54
tag584,60
tag100,53
tag178,140
tag179,90
tag170,133
tag171,78
tag172,60
tag173,90
tag174,62
tag175,85
tag176,48
tag177,60
tag167,71
tag168,83
tag169,58
tag160,56
tag161,66
tag162,56
tag163,100
tag164,131
tag165,116
tag166,85
tag398,84
tag156,60
tag399,125
tag157,93
tag158,83
tag159,96
tag390,66
tag391,115
tag392,112
tag150,88
tag393,98
tag151,127
tag394,92
tag152,50
tag153,99
tag395,109
tag396,119
tag154,47
tag397,70
tag155,59
tag145,135
tag387,70
tag1,102
tag388,83
tag146,37
tag147,91
tag389,121
tag148,103
tag149,133
tag8,83
tag380,94
tag9,140
tag381,121
tag6,80
tag7,58
tag140,72
tag382,35
tag383,82
tag141,125
tag4,88
tag384,78
tag142,56
tag5,62
tag143,106
tag2,73
tag385,51
tag3,86
tag386,96
tag144,114
tag772,139
tag530,86
tag773,95
tag531,87
tag774,132
tag532,83
tag775,96
tag533,69
tag534,74
tag776,26
tag777,31
tag535,46
tag536,131
tag778,131
tag537,55
tag779,116
tag770,68
tag771,83
tag527,32
tag769,104
tag528,84
tag529,85
tag761,79
tag520,60
tag762,56
tag521,133
tag763,67
tag764,180
tag522,103
tag765,31
tag523,76
tag766,59
tag524,131
tag767,96
tag525,84
tag526,33
tag768,62
tag760,129
tag516,130
tag758,84
tag759,89
tag517,38
tag518,60
tag519,74
tag992,90
tag750,109
tag751,55
tag993,47
tag994,89
tag510,104
tag752,97
tag995,79
tag511,116
tag753,88
tag996,109
tag512,84
tag754,45
tag513,104
tag997,94
tag755,102
tag998,127
tag514,93
tag756,136
tag999,112
tag515,86
tag757,83
tag990,72
tag991,118
tag747,75
tag989,80
tag505,65
tag506,137
tag748,132
tag507,96
tag749,63
tag508,57
tag509,95
tag981,153
tag982,130
tag740,122
tag741,83
tag983,112
tag500,140
tag742,81
tag984,150
tag743,75
tag985,62
tag501,86
tag502,120
tag744,127
tag986,83
tag987,82
tag503,133
tag745,110
tag988,67
tag746,90
tag504,69
tag980,90
tag736,132
tag978,151
tag737,80
tag979,128
tag738,76
tag739,71
tag574,72
tag332,73
tag575,119
tag333,165
tag576,73
tag334,48
tag577,90
tag335,80
tag578,136
tag336,105
tag579,128
tag337,78
tag338,74
tag339,42
tag570,77
tag571,87
tag330,63
tag572,96
tag573,86
tag331,70
tag329,100
tag563,81
tag321,51
tag564,53
tag322,70
tag323,90
tag565,39
tag324,110
tag566,100
tag325,74
tag567,85
tag568,96
tag326,156
tag569,104
tag327,62
tag328,99
tag560,102
tag561,30
tag320,104
tag562,58
tag318,86
tag319,71
tag552,112
tag310,72
tag794,112
tag553,84
tag311,92
tag795,102
tag796,80
tag312,119
tag554,15
tag555,78
tag313,106
tag797,139
tag556,73
tag314,79
tag798,64
tag315,54
tag557,138
tag799,83
tag558,123
tag316,55
tag317,86
tag559,129
tag790,75
tag791,112
tag792,67
tag550,56
tag793,91
tag551,42
tag307,109
tag549,87
tag308,77
tag309,54
tag783,123
tag541,110
tag542,50
tag784,97
tag300,36
tag785,68
tag543,54
tag301,35
tag302,82
tag544,83
tag786,78
tag787,147
tag303,98
tag545,50
tag788,61
tag546,81
tag304,71
tag305,160
tag547,148
tag789,87
tag306,102
tag548,67
tag780,58
tag781,91
tag540,79
tag782,116
tag538,87
tag539,137
tag930,117
tag931,124
tag932,65
tag933,87
tag923,72
tag924,59
tag925,71
tag926,153
tag927,101
tag928,154
tag929,142
tag920,113
tag921,66
tag922,88
tag912,94
tag913,75
tag914,65
tag915,43
tag916,85
tag917,116
tag918,101
tag919,130
tag910,106
tag911,48
tag909,150
tag901,70
tag902,83
tag903,92
tag904,68
tag905,124
tag906,107
tag907,129
tag908,82
tag900,124
tag970,90
tag971,97
tag972,132
tag730,100
tag973,101
tag731,67
tag732,124
tag974,86
tag733,90
tag975,72
tag976,134
tag734,63
tag735,78
tag977,78
tag725,41
tag967,163
tag968,81
tag726,67
tag727,88
tag969,84
tag728,133
tag729,126
tag960,124
tag961,87
tag720,80
tag962,123
tag721,55
tag963,93
tag964,64
tag722,133
tag723,147
tag965,69
tag966,103
tag724,74
tag714,71
tag956,121
tag957,104
tag715,32
tag958,80
tag716,70
tag959,100
tag717,72
tag718,89
tag719,117
tag950,90
tag951,89
tag952,90
tag710,58
tag711,66
tag953,46
tag954,58
tag712,98
tag713,145
tag955,55
tag945,82
tag703,56
tag704,64
tag946,83
tag947,113
tag705,78
tag706,93
tag948,79
tag707,36
tag949,58
tag708,116
tag709,50
tag940,97
tag941,83
tag700,128
tag942,115
tag943,87
tag701,36
tag944,55
tag702,64
tag934,35
tag935,65
tag936,137
tag937,123
tag938,51
tag939,130
tag80,134
tag81,98
tag82,146
tag83,134
tag84,90
tag85,131
tag86,136
tag87,103
tag88,92
tag89,51
tag90,112
tag91,82
tag92,164
tag93,54
tag94,100
tag95,74
tag96,65
tag97,98
tag98,98
tag99,64
tag255,82
tag497,79
tag256,107
tag498,139
tag257,81
tag499,64
tag258,100
tag259,17
tag490,58
tag491,79
tag492,70
tag250,23
tag251,107
tag493,58
tag252,55
tag494,70
tag253,99
tag495,98
tag254,79
tag496,89
tag486,110
tag244,124
tag245,94
tag487,132
tag488,72
tag246,62
tag247,87
tag489,92
tag248,88
tag249,110
tag480,132
tag481,97
tag240,59
tag482,58
tag483,70
tag241,51
tag242,128
tag484,78
tag485,90
tag243,69
tag475,127
tag233,73
tag234,117
tag476,76
tag235,58
tag477,70
tag236,87
tag478,52
tag479,125
tag237,37
tag238,107
tag239,106
tag470,98
tag471,111
tag472,108
tag230,94
tag473,86
tag231,41
tag474,68
tag232,37
tag222,143
tag464,108
tag223,71
tag465,106
tag466,47
tag224,48
tag225,99
tag467,141
tag468,82
tag226,98
tag469,48
tag227,97
tag228,93
tag229,81
tag460,165
tag461,61
tag220,52
tag462,140
tag463,70
tag221,60
tag219,75
tag299,86
tag291,101
tag292,96
tag293,100
tag294,78
tag295,107
tag296,89
tag297,109
tag298,76
tag290,76
tag288,112
tag289,98
tag280,106
tag281,97
tag282,71
tag283,103
tag284,56
tag285,103
tag286,103
tag287,165
tag277,95
tag278,118
tag279,167
tag270,94
tag271,123
tag272,89
tag273,59
tag274,66
tag275,114
tag276,105
tag266,80
tag267,75
tag268,64
tag269,53
tag260,132
tag261,86
tag262,87
tag263,49
tag264,47
tag265,98
